{
    "run_id": "20250516_204811",
    "evaluation_time": "2025-05-17 19:02:44",
    "error_stats": {
        "mean": 0.03922134265303612,
        "median": 0.02796599641442299,
        "std": 0.01855451986193657,
        "min": 0.021456103771924973,
        "max": 0.06774035096168518,
        "count": 72000
    },
    "latent_space": {
        "dimensions": 2,
        "samples": 72000
    },
    "model_info": {
        "config_path": "/leonardo_scratch/large/userexternal/fraseraf/PyISV/models/20250516_204811",
        "architecture": "arch.dat"
    }
}